{"stats":{"minecraft:mined":{"minecraft:tall_grass":9,"minecraft:grass":19,"minecraft:sunflower":2},"minecraft:custom":{"minecraft:jump":151,"minecraft:open_chest":3,"minecraft:time_since_rest":9521,"minecraft:leave_game":3,"minecraft:play_time":9521,"minecraft:sprint_one_cm":26506,"minecraft:walk_on_water_one_cm":2415,"minecraft:time_since_death":9521,"minecraft:walk_one_cm":1377,"minecraft:sneak_time":90,"minecraft:total_world_time":9521,"minecraft:walk_under_water_one_cm":5071,"minecraft:swim_one_cm":15161,"minecraft:drop":1,"minecraft:fall_one_cm":4807,"minecraft:fly_one_cm":46251},"minecraft:dropped":{"minecraft:sunflower":1},"minecraft:picked_up":{"minecraft:wheat_seeds":2,"minecraft:sunflower":1}},"DataVersion":3337}